episode,reward,task_energy,transmission_energy,movement_energy,steps,uav_0_delay,uav_1_delay
0,-21.8354,33.7016,5.5882,76139.2952,20,48.557332,38.019089
1,-21.6438,33.7023,5.4241,75623.1182,20,47.551004,37.878187
2,-21.9806,33.7027,5.6742,76015.6093,20,47.895673,39.653183
3,-21.2264,34.4031,4.908,76437.1536,20,43.579562,38.119565
4,-25.0411,40.6307,5.4671,76737.0842,20,48.564847,48.610101
5,-24.987,40.519,5.4495,75557.783,20,59.940319,37.098065
6,-21.6913,34.1785,5.346,75541.9439,20,48.933636,35.971683
7,-22.4505,36.2537,5.1907,76969.4841,20,37.036637,49.694072
8,-21.7453,36.7545,4.3987,76659.0537,20,27.95011,53.889684
9,-21.6376,35.2404,5.195,75668.2014,20,35.829323,46.508377
10,-21.5789,36.0782,5.2848,76483.366,20,63.760693,15.832163
11,-22.1144,35.3825,5.8166,76755.8416,20,58.406928,25.847702
12,-21.9275,34.7725,5.3176,76522.4198,20,35.029317,50.511957
13,-22.8314,35.1393,5.993,77560.7842,20,59.90383,30.441148
14,-21.3183,35.2056,5.3752,76093.5647,20,62.60389,16.641964
15,-21.9493,35.9246,5.0272,76223.3385,20,55.33527,28.443326
16,-21.8419,35.8096,4.8478,76192.0555,20,48.730184,34.925323
17,-21.6834,35.6229,4.8416,75910.9054,20,44.22599,38.566161
18,-22.0166,35.1022,5.5102,75498.4682,20,36.756625,48.204407
19,-21.9196,34.8776,5.5403,75845.1018,20,42.095596,42.50665
20,-21.3482,34.7365,5.0738,75455.0399,20,47.610012,33.849077
21,-20.9788,34.6935,4.7034,74709.96,20,46.15615,33.346979
22,-21.2154,34.6242,4.942,74938.6283,20,45.006071,35.977418
23,-21.018,34.3999,4.8598,75058.2399,20,43.673711,36.423552
24,-20.1517,33.8603,4.4308,75083.8683,20,44.164275,31.168766
25,-20.8853,34.0748,4.8341,75027.151,20,42.956403,36.879274
26,-20.5261,33.788,4.5687,75095.9711,20,35.254677,43.000755
27,-20.5143,33.9713,4.4312,74869.6658,20,31.970546,46.131143
28,-20.8976,34.0936,4.9269,75149.314,20,42.306898,37.327283
29,-20.5351,33.884,4.6396,74658.3269,20,43.218757,34.684835
30,-20.0849,33.9347,4.1674,74753.2831,20,40.871886,34.458788
31,-19.0753,33.8416,3.3385,74671.225,20,42.372274,27.043454
32,-18.9967,33.8425,3.3193,74166.5231,20,38.949879,29.860007
33,-18.8923,33.7468,3.1682,73921.474,20,40.664574,27.921744
34,-19.0815,33.9776,3.208,73619.0763,20,34.668513,34.838542
35,-19.3079,34.4193,3.1451,73280.4562,20,31.328765,39.192193
36,-19.6263,33.953,3.4264,74044.1019,20,39.916985,33.598975
37,-21.2291,34.0392,5.2463,73163.3846,20,34.807571,46.840273
38,-19.4847,33.9351,3.3987,73138.7272,20,39.385034,33.066373
39,-19.0627,34.0149,3.1056,73027.768,20,28.722607,40.823583
40,-19.2198,33.886,3.1983,72648.5622,20,32.618109,38.292386
41,-18.7243,33.9766,2.8327,72941.5694,20,38.212824,29.353981
42,-18.8711,33.8122,2.9496,73075.0873,20,36.456567,32.406132
43,-18.7363,33.8538,2.817,72675.1201,20,39.784099,28.220237
44,-19.0514,33.8028,3.0228,72986.2761,20,39.770655,30.418888
45,-18.7755,33.9084,2.7889,72606.2773,20,39.519397,28.760559
46,-18.9056,34.0269,2.8597,72914.0913,20,40.133784,28.754929
47,-18.6937,34.0233,2.7336,72994.3332,20,40.014798,27.460448
48,-18.7228,34.1576,2.7393,73043.5235,20,40.095163,27.287015
49,-18.7908,34.0817,2.8587,73571.8523,20,40.326056,27.473493
50,-18.7015,34.1057,2.7439,72977.1473,20,39.893802,27.42066
51,-18.7681,34.1283,2.8,72821.4822,20,40.149018,27.512482
52,-19.2391,34.277,2.9505,72992.9184,20,40.09044,30.738127
53,-20.0974,34.546,3.3731,73204.997,20,40.595564,35.594128
54,-20.0638,34.5215,3.412,73571.425,20,42.493893,33.364683
55,-20.5841,34.4369,3.8991,74094.8974,20,42.315437,36.741818
56,-21.2034,34.3745,4.2835,73787.5456,20,40.585985,42.7311
57,-21.2184,34.4041,4.3066,73909.1999,20,40.596405,42.711093
58,-21.047,34.0977,4.4481,72743.8864,20,40.483119,41.728209
59,-21.2363,34.2826,4.5915,72545.5289,20,40.559374,42.393473
60,-21.298,34.1891,4.6673,73096.0116,20,42.180086,41.301976
61,-19.9214,34.2565,3.419,73101.6062,20,40.914505,34.36691
62,-18.878,34.04,2.7935,72541.8705,20,40.455295,28.355319
63,-18.835,34.0009,2.8325,72672.308,20,40.604719,27.830628
64,-18.7976,34.1201,2.7639,72694.219,20,40.551831,27.477391
65,-19.0164,34.357,2.835,72883.4059,20,41.167785,27.927222
66,-19.2654,34.6536,2.8754,72597.6755,20,46.184817,24.172548
67,-19.6568,34.2359,3.221,73184.2482,20,43.859569,29.808304
68,-20.8607,34.553,4.0626,73103.1413,20,41.126239,39.512165
69,-21.949,35.393,4.9913,73918.4455,20,34.191907,50.956019
70,-20.7171,35.2069,3.9526,73150.2941,20,31.695186,46.484026
71,-18.9282,34.4662,2.7465,72879.1433,20,39.627508,28.715227
72,-18.6111,33.9271,2.7171,72703.7994,20,40.282108,26.778234
73,-18.5362,33.8139,2.694,72549.0309,20,37.919825,28.848062
74,-18.5545,33.7857,2.7078,72543.0365,20,39.83839,27.111853
75,-18.5792,33.8,2.7081,72383.4248,20,40.105054,27.016693
76,-18.6753,34.0101,2.7202,71996.4172,20,40.233567,27.156928
77,-18.6745,33.8934,2.7634,71191.3131,20,39.993791,27.547834
78,-18.7403,33.8676,2.8541,70801.938,20,40.133404,27.767778
79,-18.8754,33.9457,2.8749,70553.3677,20,42.328395,26.458497
80,-19.0632,34.0696,2.8839,70192.874,20,51.236461,18.801886
81,-19.2164,34.3798,2.9937,70323.694,20,51.901867,18.369895
82,-18.9696,34.1511,2.8992,70132.4811,20,44.755661,24.261174
83,-18.8815,34.0507,2.9041,70056.5094,20,41.743202,26.762473
84,-18.9862,34.2625,2.9112,70174.6298,20,45.851645,23.004108
85,-19.1313,34.1825,3.0214,69818.0622,20,45.552787,24.401868
86,-19.1949,34.352,2.9954,69769.9953,20,50.016207,20.137438
87,-19.2492,34.4423,3.015,70286.6188,20,49.242795,21.095156
88,-19.2681,34.5036,2.9516,70395.7961,20,53.45026,17.075921
89,-19.4552,34.8043,2.9811,70138.1189,20,51.609419,19.681038
90,-19.2951,34.5622,2.9647,69970.1569,20,51.406736,19.168441
91,-19.3493,34.6349,2.9637,70115.7785,20,53.671405,17.186171
92,-19.2765,34.4842,2.9009,70349.792,20,53.414252,17.369987
93,-19.3948,34.6447,2.9636,70003.8348,20,53.760032,17.455539
94,-19.1041,34.3418,2.9219,70206.5992,20,47.448638,22.174706
95,-19.3232,34.5154,2.9277,70512.5867,20,53.623591,17.401842
96,-19.3487,34.6395,2.9264,70815.6653,20,53.79343,17.152811
97,-19.2489,34.6798,2.9394,70562.1771,20,50.567128,19.411355
98,-19.3687,34.7645,2.9567,70510.7115,20,51.459067,19.270858
99,-19.4838,34.9937,2.9405,70518.2144,20,54.274331,16.915799
100,-19.4391,34.868,2.9376,70279.8055,20,54.068944,17.056031
101,-19.4326,34.8119,2.9312,70349.4059,20,53.994879,17.227836
102,-19.4716,34.9692,2.9039,70696.0881,20,54.28439,16.964253
103,-19.5629,35.1195,3.0039,70482.7901,20,54.773495,16.6008
104,-19.6207,35.2494,2.9399,70688.4724,20,54.906192,16.820254
105,-19.5455,35.1125,2.9645,70436.4462,20,54.63367,16.721989
106,-19.5195,35.0744,2.98,70592.0309,20,54.554677,16.63151
107,-19.6027,35.2176,2.964,70425.7404,20,54.78738,16.797309
108,-19.4401,34.7537,2.9864,70802.2554,20,54.151135,17.119237
109,-19.2187,34.3312,2.8807,70969.7912,20,52.230165,18.492786
110,-19.1634,34.3048,2.8304,71182.3589,20,52.989674,17.473586
111,-18.8553,33.9742,2.8685,71270.7513,20,40.597726,27.971414
112,-18.6677,33.9572,2.7556,72019.7446,20,40.151844,27.202384
113,-18.7856,33.9816,2.709,72422.9131,20,45.574505,22.838492
114,-19.1028,34.242,2.7978,72272.8041,20,53.01579,17.181995
115,-19.2065,34.4031,2.8522,72279.5943,20,53.398202,17.130395
116,-19.1854,34.3846,2.817,72209.9688,20,53.258998,17.234674
117,-19.2978,34.5167,2.854,71507.2405,20,53.753658,17.262367
118,-19.4082,34.7435,2.9478,71301.6783,20,50.058009,21.077735
119,-19.3616,34.6214,2.8647,71197.6311,20,52.54459,18.725177
120,-19.2037,34.4225,2.8398,71073.4448,20,53.384105,17.109085
121,-19.2045,34.4358,2.8861,70584.0633,20,53.421538,16.916708
122,-19.2438,34.4639,2.9669,70100.1888,20,53.508909,16.866233
123,-19.2243,34.4168,2.9611,70372.6216,20,53.506216,16.83408
124,-18.9898,34.1336,2.9799,70359.8281,20,49.690248,19.312278
125,-19.0817,34.0227,2.9562,70303.5709,20,43.588508,26.514659
126,-19.0976,34.0641,2.9898,70090.1876,20,45.036231,25.00701
127,-19.0267,34.0074,2.9887,70259.517,20,41.004203,28.5841
128,-19.2295,34.2609,3.0502,70293.3504,20,45.436829,25.071409
129,-19.301,34.3906,2.9981,70102.7965,20,47.096043,23.846069
130,-19.3573,34.6646,3.025,70033.7575,20,53.621387,17.061386
131,-19.4838,34.7535,3.0889,69672.5421,20,54.475124,16.875279
132,-19.3967,34.6688,3.0601,70002.3162,20,54.272847,16.632111
133,-19.3409,34.5823,3.0231,69988.3883,20,53.983581,16.764323
134,-19.301,34.4527,3.0541,69693.0273,20,52.52071,18.116846
135,-19.2214,34.276,3.0339,69698.8181,20,49.251553,21.198519
136,-19.388,34.5807,3.087,69534.784,20,50.945883,20.021198
137,-19.4497,34.7431,3.0525,69759.9838,20,54.117615,17.074444
138,-19.2074,34.2904,3.0277,69664.3199,20,46.964244,23.351664
139,-19.2984,34.3778,3.0662,69563.4742,20,49.853637,20.907088
140,-19.3386,34.63,3.0327,69858.8789,20,52.775013,17.812866
141,-19.1199,34.4023,3.0428,69581.067,20,52.306139,16.967175
142,-19.1886,34.3918,3.0548,69522.8982,20,47.566979,22.273416
143,-19.2345,34.6157,3.047,69642.1925,20,42.517805,27.193193
144,-19.3551,34.6429,3.0792,69725.7839,20,47.665559,22.899335
145,-19.4079,34.8955,3.0793,69753.8743,20,42.286539,28.115912
146,-19.4385,34.7238,3.0629,69700.7391,20,50.432515,20.683344
147,-19.3924,34.881,3.071,69520.7528,20,48.059943,22.270976
148,-19.4959,34.8494,3.0532,69585.3625,20,54.282358,17.040446
149,-19.5426,34.9957,3.0848,69629.2158,20,52.953607,18.321469
150,-19.3794,34.9239,3.0546,69699.1719,20,46.487536,23.677576
151,-19.5557,34.9607,3.0751,69654.4938,20,46.869266,24.626619
152,-19.7124,35.1845,3.0724,69541.326,20,46.687355,25.592252
153,-19.4555,34.7368,3.058,69634.3112,20,40.814038,30.425946
154,-19.4067,34.8217,3.0532,69532.0272,20,42.429141,28.21299
155,-19.3776,34.7462,3.0868,69622.6696,20,37.955882,32.528917
156,-19.2189,34.4483,3.0448,69514.3364,20,38.238944,31.747725
157,-19.906,35.4464,3.1268,69645.8709,20,40.4556,32.666207
158,-21.046,37.1022,3.3118,69690.1761,20,46.060254,32.127048
159,-20.8991,36.7869,3.3128,69674.8966,20,41.481075,36.228903
160,-21.0296,36.9764,3.3585,69889.9418,20,38.115823,40.10568
161,-19.9424,35.4296,3.1867,69898.1777,20,39.746036,33.553238
162,-18.9731,34.1837,2.9576,70182.7241,20,43.50494,25.300269
163,-18.9289,34.2162,2.8867,70530.1143,20,36.576011,31.979263
164,-19.2859,34.5848,2.9389,70169.2659,20,48.348064,22.168484
165,-19.2106,34.4558,2.9127,70476.1557,20,48.639637,21.628114
166,-18.8606,34.1526,2.8759,70625.9604,20,41.696388,26.469877
167,-19.052,34.3662,2.9659,71234.8171,20,34.311805,34.694217
168,-19.2627,34.5801,3.077,71751.5333,20,35.214012,34.733835
169,-19.3489,34.6591,3.099,71705.5194,20,35.221406,35.19793
170,-19.3621,34.7031,3.0784,71885.5108,20,37.015959,33.465904
171,-19.5271,34.572,3.2125,71986.6884,20,35.50976,36.292575
172,-19.567,34.5439,3.2167,72095.0882,20,37.165029,35.027059
173,-19.6249,34.6641,3.2454,71989.7608,20,36.095172,36.214058
174,-19.6168,34.5828,3.2724,71989.5493,20,35.992368,36.368332
175,-19.2947,34.5154,2.888,71830.4975,20,53.163601,17.734606
176,-19.1972,34.5203,2.7575,71659.3833,20,48.124767,22.309268
177,-19.3446,34.6323,2.8938,71638.4367,20,54.651748,16.367883
178,-19.235,34.5692,2.8418,71643.57,20,54.24926,16.14969
179,-19.1551,34.5386,2.7514,71571.2521,20,48.005405,22.049769
180,-19.2198,34.6217,2.7673,71487.4548,20,48.168583,22.184856
181,-19.1632,34.5201,2.7135,71619.9424,20,45.215115,25.057975
182,-19.0776,34.4262,2.7245,71853.9385,20,44.889592,24.86129
183,-18.8775,34.1184,2.7019,71831.0233,20,43.230525,25.644472
184,-18.8863,34.1974,2.6971,71792.6328,20,44.00524,24.767751
185,-18.6629,34.0781,2.6479,71957.5633,20,40.913446,26.411715
186,-18.7505,34.191,2.7416,72311.4016,20,36.726955,30.800622
187,-18.9238,34.3283,2.755,72298.9055,20,37.190731,31.421007
188,-19.1445,34.6038,2.8044,72166.8959,20,36.869296,32.793339
189,-19.2361,34.7635,2.8159,71706.5109,20,36.11485,33.900785
190,-19.0405,34.5385,2.7917,72052.702,20,36.74744,32.236576
191,-18.9172,34.3749,2.6884,72103.5986,20,42.005733,26.625294
192,-18.8261,34.1666,2.6841,72116.1503,20,42.668013,25.711115
193,-18.927,34.327,2.6984,72062.6104,20,44.119816,24.680151
194,-18.9325,34.3107,2.7263,71742.5736,20,43.220744,25.586173
195,-18.9141,34.332,2.7055,71999.4028,20,41.84229,26.81797
196,-18.9316,34.3518,2.6872,71922.5824,20,42.759114,26.051068
197,-19.3706,34.9856,2.8929,71922.7523,20,37.525138,32.870593
198,-19.0149,34.3195,2.7241,72079.4279,20,43.521767,25.96001
199,-18.9244,34.328,2.7102,72186.3582,20,42.413502,26.329556
200,-18.9745,34.361,2.723,72100.1621,20,44.333889,24.71403
201,-18.9587,34.217,2.7675,71776.058,20,42.123367,27.012463
202,-19.0608,34.4745,2.8345,72019.9881,20,36.826313,32.360594
203,-19.0117,34.4709,2.7188,72019.6324,20,42.56179,26.545653
204,-19.0638,34.4647,2.8389,72035.6489,20,37.08846,32.135381
205,-19.1668,34.7566,2.7602,71991.3714,20,38.241393,31.365436
206,-19.0524,34.6019,2.7147,71887.3108,20,43.091582,26.055331
207,-18.9965,34.5177,2.7297,72026.3705,20,40.285454,28.552891
208,-19.6442,35.1855,3.0416,72052.3585,20,33.181688,38.610967
209,-19.106,34.7033,2.7559,72191.9681,20,37.27844,31.959333
210,-19.0321,34.4146,2.7538,72171.2048,20,42.708016,26.607291
211,-18.9803,34.3618,2.711,72085.1813,20,42.399911,26.727304
212,-19.0151,34.3508,2.7861,72077.7626,20,42.492924,26.742487
213,-19.6737,34.9924,3.1337,72338.7104,20,31.925419,40.318368
214,-19.5829,34.9345,3.0584,72602.3267,20,29.870219,41.962643
215,-19.143,34.6064,2.857,72599.9882,20,36.333311,33.16359
216,-18.9353,34.3994,2.7705,72678.6979,20,41.138364,27.356872
217,-19.1221,34.6766,2.7648,72583.0231,20,41.399703,28.011739
218,-18.9495,34.4188,2.7651,72578.3822,20,40.862268,27.720657
219,-19.1007,34.5613,2.814,72536.9464,20,38.25026,31.120898
220,-19.005,34.3852,2.8568,72566.5557,20,36.646144,32.22568
221,-19.083,34.5424,2.8961,72722.9908,20,36.569879,32.468485
222,-19.2645,34.6719,2.9496,72498.3981,20,41.107151,28.992286
223,-19.1122,34.6734,2.7687,72505.9446,20,40.080357,29.244885
224,-19.1211,34.5033,2.7796,72687.5768,20,44.79817,24.978312
225,-19.0207,34.3471,2.8069,72643.2336,20,40.906614,28.326415
226,-19.0053,34.2574,2.8091,72673.7333,20,40.650648,28.662542
227,-19.406,34.5659,3.0309,72662.2378,20,47.809245,23.501237
228,-19.5171,34.6427,3.1444,72556.489,20,49.427994,22.311578
229,-19.4621,34.5124,3.1163,72630.2566,20,46.30676,25.362569
230,-18.8277,34.192,2.7403,72616.0387,20,39.881037,28.293306
231,-19.2829,34.7165,2.9597,72568.1771,20,46.38235,23.736229
232,-19.4025,34.9863,2.9639,72558.4175,20,50.796849,19.66545
233,-19.2362,34.8207,2.8763,72591.6801,20,54.9794,14.731769
234,-19.1877,34.4722,2.8492,72611.0208,20,47.688241,22.525568
235,-19.2115,34.5521,2.8026,72562.8022,20,41.739475,28.612943
236,-19.1426,34.7313,2.7318,72479.7112,20,42.623389,26.921378
237,-19.2872,34.5833,2.9594,72681.6192,20,38.559904,31.913882
238,-19.0849,34.5821,2.7888,72659.8679,20,41.380504,27.87857
239,-19.7234,34.7726,3.2315,72608.9199,20,40.548838,32.363674
240,-20.15,34.9273,3.6741,72549.2786,20,31.824761,43.054015
241,-19.2628,34.6529,2.9617,72668.977,20,43.380183,26.716524
242,-19.1598,34.6132,2.7749,72614.8385,20,43.158578,26.692375
243,-19.3142,34.8354,2.8178,72545.1105,20,40.738432,29.753798
244,-19.064,34.5023,2.7503,72390.9461,20,42.110448,27.272703
245,-19.0716,34.5373,2.7384,72448.6757,20,43.903319,25.492498
246,-18.8669,34.2636,2.6961,72276.0773,20,44.278288,24.176685
247,-18.8834,34.2261,2.7304,72476.8791,20,42.002937,26.583797
248,-19.0273,34.4133,2.7773,72261.8998,20,47.668953,21.544141
249,-18.9113,34.5254,2.6918,72119.1736,20,46.503496,21.709118
250,-19.1842,34.829,2.7722,71669.2647,20,35.555366,33.990513
251,-19.59,34.9042,2.9946,71517.8498,20,47.767797,24.375236
252,-19.4821,34.89,2.957,71604.5787,20,48.086487,23.291857
253,-19.1656,34.6155,2.8138,71337.2109,20,47.607578,22.177198
254,-19.0188,34.4705,2.755,71479.5407,20,49.398555,19.669074
255,-19.0458,34.4402,2.7733,71590.2526,20,48.82585,20.488582
256,-18.9661,34.2402,2.7617,71674.1474,20,47.985165,21.172898
257,-18.9667,34.3633,2.6886,71525.1702,20,42.323202,26.749015
258,-19.1026,34.4543,2.719,71502.4405,20,42.676207,27.23172
259,-19.0039,34.4405,2.6951,71541.6546,20,41.668498,27.512661
260,-18.998,34.5045,2.6811,71661.6173,20,42.715963,26.30185
261,-19.0032,34.4918,2.6953,71530.9456,20,43.040935,26.011139
262,-18.9495,34.3982,2.6943,71503.2647,20,42.46102,26.368135
263,-18.9077,34.2683,2.6798,71660.0216,20,42.794047,26.037052
264,-18.9781,34.2917,2.6994,71549.3243,20,43.967449,25.341448
265,-19.2173,34.6549,2.7431,71511.9522,20,44.515315,25.805366
266,-19.127,34.5635,2.7103,71530.2394,20,43.090633,26.784116
267,-19.116,34.4923,2.7761,71595.4378,20,38.533179,31.236779
268,-19.1482,34.6367,2.7187,71696.4597,20,42.522438,27.331818
269,-19.2033,34.7108,2.7387,71718.5188,20,43.299766,26.782112
270,-19.2087,34.6635,2.7494,71739.8192,20,43.877147,26.33325
271,-19.1335,34.66,2.7336,71831.0165,20,43.169855,26.463863
272,-19.1644,34.6969,2.7089,71748.5692,20,44.641085,25.231347
273,-19.0467,34.5488,2.7058,71651.4796,20,43.464402,25.786269
274,-19.1447,34.7038,2.7346,71695.2819,20,43.076686,26.542962
275,-19.2061,34.7191,2.7319,71594.9359,20,43.832866,26.271915
276,-19.119,34.6301,2.713,71601.0802,20,43.470234,26.171428
277,-19.2445,34.8019,2.7612,71475.6439,20,44.883115,25.263073
278,-19.276,34.8157,2.7388,71452.477,20,44.156912,26.282374
279,-19.2202,34.7144,2.7156,71471.4441,20,43.373571,26.905581
280,-19.2175,34.3354,2.8197,71749.4576,20,41.935758,28.936707
281,-19.0253,34.3998,2.7044,71591.3583,20,42.171609,27.260335
282,-19.2055,34.5712,2.7473,71741.2286,20,43.53475,26.875792
283,-19.0182,34.5257,2.686,71703.4504,20,43.084329,26.038309
284,-19.2315,34.6076,2.789,71829.4494,20,42.375602,28.049618
285,-18.9513,34.2943,2.7191,71750.0772,20,42.663955,26.359921
286,-19.1995,34.6824,2.7617,71552.8334,20,43.595648,26.458687
287,-19.0842,34.4194,2.7468,71635.7068,20,42.027176,27.73286
288,-19.3356,34.7824,2.8562,71576.6357,20,39.802794,30.887937
289,-19.9231,35.6291,3.066,71590.3948,20,37.178195,35.819662
290,-20.252,35.998,3.1247,71666.7152,20,37.611682,37.092398
291,-19.785,35.3828,2.9647,71702.5724,20,39.249069,33.464349
292,-19.4045,34.9384,2.7794,71741.1763,20,44.942492,26.166143
293,-19.0971,34.6662,2.7117,71584.8001,20,42.700685,26.674648
294,-19.1383,34.447,2.7934,71414.1443,20,42.486179,27.530446
295,-19.0917,34.5365,2.6964,71433.8015,20,44.876788,24.806185
296,-18.9244,34.7797,2.7502,71428.6684,20,48.230745,19.319857
297,-19.2966,34.6822,2.8448,71373.9868,20,54.205406,16.430478
298,-19.3032,34.6883,2.9319,71435.5203,20,53.346037,17.087176
299,-19.5174,34.7109,2.885,71516.5565,20,52.281162,20.021923
